,date,상한가
0,20160817,"['삼본전자', '흥국']"
1,20160818,"['미래SCI', '세미콘라이트', '신화콘텍', '케이엔더블유']"
2,20160819,['헝셩그룹']
3,20160822,"['켐트로스', '코디엠', '한국맥널티']"
4,20160823,"['솔트웍스', '와이제이엠게임즈', '코디엠']"
5,20160824,['수성']
6,20160825,['토박스코리아']
7,20160829,['KB오토시스']
8,20160830,['지어소프트']
9,20160901,"['디알텍', '켐트로스']"
10,20160905,"['제룡전기', '헝셩그룹']"
11,20160907,['바른손']
12,20160908,"['보광산업', '지엔코', '코미팜']"
13,20160909,"['에코바이오', '유라테크', '지엔코', '큐로홀딩스']"
14,20160912,"['대주산업', '에스와이', '유아이디', '큐캐피탈', '파인디앤씨']"
15,20160913,['파인디앤씨']
16,20160919,"['EG', '감마누', '세명전기', '씨씨에스']"
17,20160920,"['대창스틸', '삼강엠앤티', '삼영엠텍', '세명전기', '파인디앤씨']"
18,20160921,"['대동스틸', '대창스틸', '버추얼텍', '삼영엠텍', '코리아에스이', '피앤씨테크']"
19,20160922,"['서암기계공업', '서울제약', '에이치엘비생명과학']"
20,20160923,"['승일', '이에스에이', '이원컴포텍', '파인디앤씨', '파인테크닉스']"
21,20160926,"['YBM넷', '스카이문스테크놀로지', '에이치엘비생명과학']"
22,20160927,"['YBM넷', '서암기계공업', '아이앤씨']"
23,20160928,"['동국알앤에스', '비엠티', '티플랙스']"
24,20160929,"['비츠로테크', '서전기전', '케이에스피']"
25,20160930,"['케이에스피', '티플랙스']"
26,20161004,['나노']
27,20161005,"['대림제지', '케이에스피']"
28,20161006,"['삼지전자', '에이테크솔루션', '이매진아시아', '파인디앤씨']"
29,20161007,"['바른손이앤에이', '조이시티']"
30,20161010,"['손오공', '유니트론텍']"
31,20161011,['로지시스']
32,20161012,"['캔서롭', '켐트로스', '한일네트웍스']"
33,20161013,"['서산', '파라텍', '판타지오']"
34,20161014,"['서산', '인포마크']"
35,20161017,['미투온']
36,20161020,['골든센츄리']
37,20161021,['에이치시티']
38,20161024,"['유아이디', '잉글우드랩']"
39,20161025,['유니테크노']
40,20161027,['서연탑메탈']
41,20161028,['비엠티']
42,20161031,"['동일철강', '세동']"
43,20161101,"['광진윈텍', '엠에스씨', '홈캐스트']"
44,20161102,['미투온']
45,20161103,"['에이텍티앤', '조광ILI', '파워넷']"
46,20161107,"['에스와이', '퓨쳐스트림네트웍스']"
47,20161108,"['골든센츄리', '양지사', '에이치엘사이언스', '에이프로젠 H&G']"
48,20161109,"['빅텍', '스페코', '에이프로젠 H&G', '엘컴텍']"
49,20161110,"['서연탑메탈', '코데즈컴바인', '파워넷']"
50,20161114,"['광진윈텍', '솔루에타', '제일테크노스', '조광ILI', '파워넷']"
51,20161115,"['에스텍', '잉글우드랩']"
52,20161116,"['글로스퍼랩스', '솔고바이오', '에이루트', '퓨쳐스트림네트웍스', '프리엠스']"
53,20161117,"['동신건설', '토탈소프트']"
54,20161118,"['에이루트', '파버나인']"
55,20161121,"['티플랙스', '퓨쳐스트림네트웍스']"
56,20161122,"['S&K폴리텍', '정다운']"
57,20161123,"['서연탑메탈', '쏠리드']"
58,20161124,"['네이처셀', '씨엔플러스', '한류AI센터']"
59,20161125,"['GH신소재', '씨엔플러스', '프리엠스']"
60,20161128,"['골든센츄리', '제낙스']"
61,20161129,['지엘팜텍']
62,20161130,"['코디엠', '퓨쳐스트림네트웍스']"
63,20161201,['쏠리드']
64,20161202,"['로지시스', '씨엔플러스', '한국팩키지']"
65,20161205,"['제넨바이오', '제이엠티']"
66,20161206,"['NE능률', '세종텔레콤', '아이에스이커머스']"
67,20161207,['리노스']
68,20161208,['인터엠']
69,20161209,['대성파인텍']
70,20161212,"['광림', '디엠티', '지엔코']"
71,20161213,"['애니젠', '중앙오션']"
72,20161214,['마이크로컨텍솔']
73,20161215,"['보광산업', '우수AMS', '육일씨엔에쓰', '제넨바이오']"
74,20161216,"['TS인베스트먼트', '삼영엠텍', '큐로홀딩스']"
75,20161219,['한일사료']
76,20161220,['마이크로컨텍솔']
77,20161221,"['이트론', '정다운']"
78,20161222,['TS인베스트먼트']
79,20161223,"['ITX엠투엠', '모아텍', '에이티세미콘', '정다운']"
80,20161226,['파워넷']
81,20161227,['파워넷']
82,20161228,['일신바이오']
83,20161229,"['케이엘넷', '한국팩키지']"
84,20170102,"['대성파인텍', '에이치엘비파워', '조이시티', '파워넷']"
85,20170103,['파워넷']
86,20170104,"['시너지이노베이션', '에이앤티앤']"
87,20170105,['이엠넷']
88,20170106,"['YBM넷', '티에스이']"
89,20170109,"['메가엠디', '케이씨에스', '피델릭스']"
90,20170110,"['듀오백', '세종텔레콤', '에스디시스템']"
91,20170111,"['메이슨캐피탈', '솔트웍스', '에이치엔티']"
92,20170112,"['글로스퍼랩스', '시너지이노베이션']"
93,20170116,['한국큐빅']
94,20170117,['강원']
95,20170118,['에이앤티앤']
96,20170119,['오성첨단소재']
97,20170120,"['서산', '파워넷', '피에스엠씨']"
98,20170123,"['액토즈소프트', '위즈코프']"
99,20170124,"['아이엠', '하이소닉', '한빛소프트']"
100,20170125,"['알서포트', '인터엠', '파워넷']"
101,20170126,['서플러스글로벌']
102,20170131,"['KD', '이원컴포텍', '파워넷']"
103,20170201,['넵튠']
104,20170202,['국일신동']
105,20170203,"['KD', 'TS인베스트먼트']"
106,20170206,['SG&G']
107,20170207,"['삼강엠앤티', '조광ILI']"
108,20170208,"['MP한강', '엘디티', '파인디앤씨']"
109,20170209,"['디젠스', '정다운', '카페24']"
110,20170210,['재영솔루텍']
111,20170213,"['원풍', '자연과환경']"
112,20170214,"['삼현철강', '이에스에이']"
113,20170215,"['KB오토시스', '광림', '씨씨에스', '웹케시']"
114,20170216,"['DSC인베스트먼트', '국일제지', '현진소재']"
115,20170217,['코디엠']
116,20170220,['에스텍']
117,20170221,"['메이슨캐피탈', '파워넷']"
118,20170222,['심텍홀딩스']
119,20170227,['모바일어플라이언스']
120,20170228,['자연과환경']
121,20170302,['한국큐빅']
122,20170303,['헝셩그룹']
123,20170308,['넥스트BT']
124,20170309,['이엠넷']
125,20170310,['OQP']
126,20170313,"['솔루에타', '이화공영', '특수건설']"
127,20170314,"['SBI인베스트먼트', '누리플랜', '웹스', '이화공영', '파인디앤씨']"
128,20170315,"['TPC', '모바일어플라이언스', '푸른기술']"
129,20170316,"['대성엘텍', '모헨즈', '미래생명자원', '앤씨앤']"
130,20170317,"['드림어스컴퍼니', '로보로보', '미래생명자원', '솔본', '파워넷']"
131,20170320,"['파워넷', '휘닉스소재']"
132,20170321,"['THE MIDONG', '인콘']"
133,20170322,"['경남제약헬스케어', '신신제약', '인프라웨어', '파워넷']"
134,20170323,"['와이제이엠게임즈', '인콘', '한국코퍼레이션']"
135,20170324,"['디젠스', '모바일리더']"
136,20170327,['엔피케이']
137,20170328,"['모비스', '앤씨앤']"
138,20170329,['지엘팜텍']
139,20170330,"['갤럭시아컴즈', '네오오토', '케이씨피드', '파워넷']"
140,20170331,"['대창스틸', '디엔에이링크', '서울전자통신', '파워넷']"
141,20170403,"['모헨즈', '에이치엘비생명과학', '자이글']"
142,20170404,"['솔트웍스', '파워넷']"
143,20170405,['알서포트']
144,20170406,['휴림로봇']
145,20170407,"['THE MIDONG', '타이거일렉']"
146,20170410,['빅텍']
147,20170412,"['바이오로그디바이스', '에스모']"
148,20170413,"['에이스테크', '인프라웨어', '판타지오']"
149,20170417,"['신원종합개발', '제일제강']"
150,20170419,"['드림시큐리티', '코위버']"
151,20170420,['아이티센']
152,20170424,['SM Life Design']
153,20170425,"['서전기전', '중앙오션']"
154,20170427,['뉴보텍']
155,20170428,['한일사료']
156,20170502,['에프앤리퍼블릭']
157,20170508,['크린앤사이언스']
158,20170511,['네오오토']
159,20170515,['고려시멘트']
160,20170516,"['대성파인텍', '코드네이처']"
161,20170517,['MP한강']
162,20170518,['씨케이에이치']
163,20170519,['행남사']
164,20170522,['자연과환경']
165,20170524,['서산']
166,20170525,['뉴보텍']
167,20170526,['셀루메드']
168,20170529,['셀루메드']
169,20170530,"['코맥스', '행남사']"
170,20170531,['CSA 코스믹']
171,20170601,"['KBI메탈', '미투온']"
172,20170602,['버킷스튜디오']
173,20170607,"['에스모', '현대바이오']"
174,20170612,"['감마누', '한일진공']"
175,20170613,"['감마누', '버킷스튜디오']"
176,20170614,"['감마누', '디젠스', '아스타', '파워넷']"
177,20170616,['보광산업']
178,20170619,['오르비텍']
179,20170620,"['에코바이오', '파워넷']"
180,20170622,"['서울제약', '세종텔레콤']"
181,20170623,['파워넷']
182,20170626,"['켐트로스', '타이거일렉']"
183,20170627,"['TS인베스트먼트', '대창솔루션']"
184,20170628,"['감마누', '켐트로스', '파워넷']"
185,20170629,"['세화피앤씨', '켐트로스', '큐캐피탈']"
186,20170630,['유에스티']
187,20170703,"['글로벌텍스프리', '삼원테크']"
188,20170704,"['글로벌텍스프리', '디에스케이']"
189,20170705,"['디엠티', '엠에스오토텍']"
190,20170710,['휴마시스']
191,20170711,['리더스 기술투자']
192,20170713,['엠젠플러스']
193,20170714,['나노스']
194,20170717,['나노스']
195,20170718,"['나노스', '드림어스컴퍼니', '브이원텍']"
196,20170719,"['럭슬', '신라섬유', '에스모 머티리얼즈', '이녹스']"
197,20170721,['액토즈소프트']
198,20170724,"['세원물산', '이엠넷']"
199,20170725,['세원물산']
200,20170726,"['내츄럴엔도텍', '케이프', '파루']"
201,20170727,"['쎄미시스코', '파루']"
202,20170728,['드림시큐리티']
203,20170731,['에이프로젠 H&G']
204,20170801,"['미래테크놀로지', '켐트로스']"
205,20170803,['파루']
206,20170804,['드림시큐리티']
207,20170807,['데이타솔루션']
208,20170808,"['모다이노칩', '신라섬유', '양지사']"
209,20170809,['한일단조']
210,20170814,['유바이오로직스']
211,20170816,"['글로벌텍스프리', '슈펙스비앤피']"
212,20170817,['양지사']
213,20170818,"['센트럴바이오', '스카이이앤엠']"
214,20170822,['옴니텔']
215,20170824,['파워넷']
216,20170825,"['우리기술투자', '파워넷']"
217,20170828,"['경남바이오파마', '홈캐스트']"
218,20170829,['중앙오션']
219,20170830,"['코디엠', '크로바하이텍']"
220,20170831,['슈펙스비앤피']
221,20170901,"['메디앙스', '에이테크솔루션']"
222,20170904,"['오르비텍', '유니크', '핸디소프트']"
223,20170905,"['오리엔탈정공', '케이피엠테크', '켐트로스']"
224,20170907,"['감마누', '버추얼텍', '에이디테크놀로지']"
225,20170908,['나노스']
226,20170911,['하이소닉']
227,20170912,"['EG', '유니크']"
228,20170913,['성창오토텍']
229,20170914,"['넥슨지티', '대성엘텍', '파워넷', '풍국주정']"
230,20170915,"['넥슨지티', '넵튠']"
231,20170918,['우리기술투자']
232,20170919,"['바이오리더스', '셀루메드']"
233,20170920,['쎄미시스코']
234,20170921,"['EG', 'SBI인베스트먼트', '대창스틸']"
235,20170922,['우리기술투자']
236,20170925,"['SBI인베스트먼트', '에이티넘인베스트']"
237,20170926,"['브레인콘텐츠', '소리바다', '엠에스씨']"
238,20170928,['지엘팜텍']
239,20171011,['감마누']
240,20171012,"['앱클론', '에이디칩스', '파워넷']"
241,20171013,['에이테크솔루션']
242,20171016,['에이디칩스']
243,20171017,"['국일제지', '상신전자', '이더블유케이']"
244,20171018,"['상신전자', '에스모 머티리얼즈', '텔콘RF제약']"
245,20171019,"['경남제약헬스케어', '이화공영', '토박스코리아']"
246,20171023,['세원']
247,20171024,"['KBI메탈', '삼보산업']"
248,20171025,['에이치엘사이언스']
249,20171027,['삼보산업']
250,20171030,['앱클론']
251,20171031,"['바른전자', '바른테크놀로지', '캔서롭']"
252,20171101,"['캔서롭', '코닉글로리', '피에스엠씨']"
253,20171102,['한국테크놀로지']
254,20171103,"['DSC인베스트먼트', '피에스엠씨']"
255,20171106,"['애니젠', '이퓨쳐']"
256,20171107,"['셀루메드', '코오롱티슈진']"
257,20171108,"['디엔에이링크', '프로스테믹스']"
258,20171109,"['블러썸엠앤씨', '이수앱지스']"
259,20171113,"['이에스에이', '파워넷']"
260,20171114,['에이치엘비']
261,20171115,"['디엠티', '삼영엠텍', '캔서롭', '코리아에스이']"
262,20171116,"['셀루메드', '유니크']"
263,20171120,['신라젠']
264,20171121,"['녹십자랩셀', '이엠코리아']"
265,20171122,['넵튠']
266,20171123,"['뉴프렉스', '메디앙스']"
267,20171124,['이매진아시아']
268,20171128,"['SCI평가정보', '에이치엘사이언스', '프로스테믹스']"
269,20171129,"['SCI평가정보', '뉴프라이드', '에이치엘사이언스']"
270,20171130,"['SCI평가정보', '뉴프라이드', '멜파스', '코드네이처', '텔콘RF제약', '팍스넷', '피씨엘']"
271,20171201,"['SCI평가정보', '뉴프라이드', '마크로젠', '차바이오텍', '코아스템']"
272,20171204,"['SCI평가정보', '뉴프라이드', '바이오리더스', '와이아이케이', '인피니트헬스케어', '팬스타엔터프라이즈']"
273,20171205,"['네이처셀', '뉴프라이드', '바른손', '신라섬유', '양지사', '코데즈컴바인']"
274,20171206,"['CS', 'SCI평가정보', '디지탈옵틱', '오디텍', '와이오엠', '코데즈컴바인', '피씨엘', '한일진공']"
275,20171207,"['디지탈옵틱', '알서포트', '퓨쳐스트림네트웍스']"
276,20171208,"['시큐브', '퓨쳐스트림네트웍스']"
277,20171213,['SCI평가정보']
278,20171214,"['뉴프라이드', '테라젠이텍스']"
279,20171215,"['SCI평가정보', '비덴트', '옴니텔', '우리기술투자', '위지트']"
280,20171218,"['SBI인베스트먼트', '디지탈옵틱', '라이브파이낸셜', '비덴트', '에이티넘인베스트', '엠게임', '옴니텔', '우리기술투자', '위지트', '제이씨현시스템', '포스링크', '한일진공']"
281,20171219,"['라이브파이낸셜', '오성첨단소재']"
282,20171220,['우리기술투자']
283,20171221,"['데일리블록체인', '버추얼텍', '오성첨단소재']"
284,20171222,"['데일리블록체인', '제넥신']"
285,20171226,"['다믈멀티미디어', '데일리블록체인', '로보로보']"
286,20171227,"['SCI평가정보', '비덴트', '시스웍', '아이톡시']"
287,20171228,"['오성첨단소재', '테고사이언스']"
288,20180102,"['뉴프라이드', '데일리블록체인', '에이티넘인베스트', '우리기술투자', '재영솔루텍', '차바이오텍']"
289,20180103,"['뉴프라이드', '상신전자', '스카이이앤엠', '재영솔루텍', '포스링크']"
290,20180104,"['대성창투', '버추얼텍', '에이티넘인베스트']"
291,20180105,"['에이아이비트', '우리기술투자']"
292,20180108,"['씨씨에스', '이노와이즈']"
293,20180109,"['나무가', '오상자이엘']"
294,20180110,"['라이브파이낸셜', '라이브플렉스', '코디', '퓨전']"
295,20180111,"['ITX엠투엠', '뉴보텍', '에스텍파마']"
296,20180112,"['EMW', '셀트리온제약', '신신제약']"
297,20180115,"['SCI평가정보', '데일리블록체인', '버추얼텍', '우리기술투자', '헬릭스미스']"
298,20180116,"['바이오톡스텍', '코디', '하이로닉']"
299,20180117,"['드림시큐리티', '바이오톡스텍', '시큐브', '정원엔시스', '클래시스', '한국전자인증']"
300,20180118,"['데이타솔루션', '시큐브', '이니텍', '한컴위드']"
301,20180119,"['케이사인', '파수']"
302,20180122,"['파이오링크', '플레이위드']"
303,20180123,['SCI평가정보']
304,20180124,"['SCI평가정보', '네오위즈', '에스모', '플레이위드']"
305,20180125,"['럭슬', '성창오토텍', '세화피앤씨', '유에스티', '일야']"
306,20180126,"['라이브파이낸셜', '라이브플렉스', '세화피앤씨']"
307,20180129,"['녹십자랩셀', '세화피앤씨', '에이티넘인베스트', '인트로메딕', '파라텍']"
308,20180130,"['스카이이앤엠', '에스제이케이', '위지트', '티비씨']"
309,20180131,"['글로본', '데일리블록체인', '드림어스컴퍼니', '스카이이앤엠', '아이엠이연이', '양지사', '코데즈컴바인']"
310,20180201,"['SBI인베스트먼트', '뉴프라이드', '오성첨단소재', '텔레필드']"
311,20180202,"['디젠스', '배럴', '에스제이케이']"
312,20180205,['고려제약']
313,20180206,"['대동금속', '대동기어', '배럴', '유라테크']"
314,20180207,"['KPX생명과학', '대봉엘에스', '엔에스엔', '진양제약']"
315,20180208,"['알파홀딩스', '퓨쳐스트림네트웍스']"
316,20180209,"['고려제약', '알파홀딩스', '한류AI센터']"
317,20180212,['알파홀딩스']
318,20180213,"['센트럴바이오', '알리코제약', '에스티큐브', '좋은사람들']"
319,20180214,"['고려시멘트', '에스티큐브']"
320,20180219,"['라이트론', '스카이이앤엠', '에스피지', '유에스티', '이엠코리아']"
321,20180220,"['대성미생물', '에스티큐브', '케이씨피드']"
322,20180221,['파워넷']
323,20180222,"['나노캠텍', '씨아이에스', '에이루트']"
324,20180223,['에스모 머티리얼즈']
325,20180226,"['대성미생물', '링크제니시스']"
326,20180227,"['드래곤플라이', '링크제니시스', '인프라웨어', '일야']"
327,20180228,"['뉴보텍', '에스모 머티리얼즈', '제이웨이', '코이즈']"
328,20180302,['파워넷']
329,20180305,['스타모빌리티']
330,20180306,"['세화피앤씨', '오리엔탈정공']"
331,20180307,"['재영솔루텍', '제룡산업', '제룡전기', '제이에스티나']"
332,20180308,"['매직마이크로', '삼원테크', '에스티큐브', '코너스톤네트웍스', '행남사', '화성밸브']"
333,20180309,"['매직마이크로', '행남사']"
334,20180312,"['옵티시스', '우수AMS', '행남사']"
335,20180313,['에이치엘비생명과학']
336,20180314,"['루미마이크로', '엔시트론']"
337,20180316,"['수성', '코너스톤네트웍스']"
338,20180320,['코리아에스이']
339,20180321,"['삼아제약', '와이오엠']"
340,20180322,"['로고스바이오', '우정바이오']"
341,20180323,"['남화토건', '상상인인더스트리']"
342,20180326,"['코아스템', '텔콘RF제약']"
343,20180329,"['케이피엠테크', '켐온']"
344,20180330,"['바이오리더스', '아이에이네트웍스', '원풍물산', '켐온', '파워넷']"
345,20180402,"['세화피앤씨', '엠에스씨', '코디엠']"
346,20180404,"['스킨앤스킨', '푸른기술', '해덕파워웨이']"
347,20180405,"['스타모빌리티', '아스타', '윈팩', '해덕파워웨이']"
348,20180406,"['영신금속', '케이피엠테크']"
349,20180409,"['드림시큐리티', '센트럴바이오', '에프엔씨엔터', '프로스테믹스']"
350,20180410,"['삼아제약', '에이치엘비생명과학', '케이피엠테크']"
351,20180411,"['JW신약', '나이벡', '율호', '이스트아시아홀딩스']"
352,20180412,"['SCI평가정보', '경남제약헬스케어', '네이처셀', '셀루메드', '제넨바이오']"
353,20180413,['셀루메드']
354,20180416,"['디오스텍', '메타바이오메드', '셀루메드', '에스맥']"
355,20180417,"['국일제지', '나노스', '디오스텍', '라이브파이낸셜', '비디아이', '솔고바이오', '에스맥', '우리기술', '우진비앤지']"
356,20180418,"['고려시멘트', '나이벡', '누리플랜', '삼륭물산', '재영솔루텍']"
357,20180419,"['남화토건', '이엑스티', '이화공영', '이화전기', '좋은사람들', '특수건설']"
358,20180420,"['나노스', '디젠스', '성호전자', '이엑스티', '이화공영']"
359,20180423,"['나노스', '나이벡', '대창솔루션', '동신건설']"
360,20180424,"['SCI평가정보', 'YTN', '디엠티', '라이온켐텍', '우리기술투자', '포스코엠텍']"
361,20180425,"['세원', '웰크론', '티플랙스']"
362,20180426,['슈펙스비앤피']
363,20180427,"['우리기술', '푸른기술']"
364,20180430,"['대동스틸', '대아티아이', '대창솔루션', '서암기계공업', '세명전기', '스페코', '에코마이스터', '우리기술', '푸른기술']"
365,20180502,"['SDN', 'SG', '국영지앤엠', '보성파워텍', '아시아종묘', '엘디티', '한일사료', '효성오앤비']"
366,20180503,"['삼본전자', '에이치엘비파워', '웹스']"
367,20180504,['티플랙스']
368,20180508,['동일철강']
369,20180509,"['상보', '캔서롭']"
370,20180510,"['디에이치피코리아', '비츠로시스', '서암기계공업', '유신', '유에스티', '전파기지국']"
371,20180511,['유에스티']
372,20180514,"['유에스티', '티플랙스']"
373,20180515,"['대동금속', '대동기어', '세보엠이씨', '에코마이스터', '흥국']"
374,20180516,"['W홀딩컴퍼니', '뉴프라이드', '우정바이오']"
375,20180517,"['버킷스튜디오', '세명전기', '유에스티', '이노와이즈']"
376,20180518,"['국일제지', '와이오엠', '이디티']"
377,20180523,"['에이씨티', '오르비텍']"
378,20180524,"['메가엠디', '에이디칩스', '엘비세미콘']"
379,20180525,"['러셀', '엘비세미콘', '와이제이엠게임즈']"
380,20180528,"['KCC건설', 'SG', '고려시멘트', '남화토건', '대동스틸', '대아티아이', '삼표시멘트', '서암기계공업', '세명전기', '스페코', '아난티', '아시아종묘', '에스트래픽', '에코마이스터', '엘비세미콘', '우리기술', '우원개발', '유에스티', '유진기업', '이화공영', '자연과환경', '제룡산업', '제룡전기', '좋은사람들', '특수건설', '티플랙스', '포스코엠텍', '푸른기술']"
381,20180529,"['SM Life Design', '네오위즈', '에스모', '엘비세미콘']"
382,20180530,"['SM Life Design', '소리바다', '이트론', '키이스트', '푸른기술']"
383,20180531,"['SG', '보광산업', '엔피케이']"
384,20180601,['화성밸브']
385,20180604,"['에스에이티', '팬스타엔터프라이즈', '현대사료']"
386,20180605,"['KMH하이텍', '아시아경제', '에스아이리소스', '현대사료']"
387,20180607,"['강원', '동양에스텍', '디케이락', '쎄미시스코', '지엘팜텍']"
388,20180608,"['내츄럴엔도텍', '제일테크노스', '파워넷']"
389,20180611,['디에이테크놀로지']
390,20180612,['서희건설']
391,20180614,['디엔에이링크']
392,20180615,"['아이텍', '조광ILI', '한국테크놀로지', '현대사료']"
393,20180618,"['아이텍', '판타지오']"
394,20180619,"['서전기전', '아이텍']"
395,20180620,"['경남스틸', '동양에스텍', '아이씨케이', '아이에스이커머스']"
396,20180621,"['구영테크', '신라에스지']"
397,20180622,['비덴트']
398,20180625,"['디딤', '루미마이크로', '테라셈']"
399,20180627,"['라이트론', '서진오토모티브', '퓨쳐켐']"
400,20180628,"['앤씨앤', '현대사료']"
401,20180702,['알에프세미']
402,20180703,"['삼본전자', '에스맥']"
403,20180704,"['솔고바이오', '장원테크', '토박스코리아']"
404,20180705,['힘스']
405,20180706,"['나노스', '세미콘라이트', '코리아에프티']"
406,20180711,['나노스']
407,20180712,['유에스티']
408,20180713,"['이라이콤', '헝셩그룹']"
409,20180716,['케이씨에스']
410,20180717,"['우리기술투자', '제일제강']"
411,20180718,"['뉴프라이드', '스카이문스테크놀로지', '이엑스티']"
412,20180719,['파인텍']
413,20180723,['유에스티']
414,20180724,['푸른기술']
415,20180725,['알테오젠']
416,20180726,['필로시스헬스케어']
417,20180727,"['테고사이언스', '필로시스헬스케어']"
418,20180730,"['승일', '에이디테크놀로지']"
419,20180802,"['세원', '앤씨앤']"
420,20180803,"['삼륭물산', '에스앤더블류', '코아스템']"
421,20180806,['코리아에프티']
422,20180807,"['알에프세미', '프로스테믹스']"
423,20180808,"['세코닉스', '아이엠', '인포뱅크', '픽셀플러스']"
424,20180809,['피에스엠씨']
425,20180810,['코리아에스이']
426,20180813,['아이티센']
427,20180814,"['대유', '스카이이앤엠']"
428,20180816,['경창산업']
429,20180817,"['녹십자셀', '녹십자엠에스']"
430,20180820,['이루온']
431,20180821,"['블러썸엠앤씨', '인산가', '한류AI센터']"
432,20180822,"['이라이콤', '피에스엠씨']"
433,20180823,['루미마이크로']
434,20180824,['로고스바이오']
435,20180828,['배럴']
436,20180829,"['위즈코프', '코리아에프티']"
437,20180830,['이스트아시아홀딩스']
438,20180831,['코맥스']
439,20180903,"['오리엔트정공', '화성밸브']"
440,20180905,"['삼본전자', '해덕파워웨이']"
441,20180906,['네이처셀']
442,20180907,"['성창오토텍', '티플랙스']"
443,20180910,"['OQP', '대유', '오공', '유신']"
444,20180911,"['OQP', '네이처셀']"
445,20180912,"['녹십자셀', '녹십자엠에스', '중앙에너비스']"
446,20180913,"['네이블커뮤니케이션즈', '중앙에너비스']"
447,20180914,"['명성티엔에스', '현대바이오']"
448,20180917,"['하이로닉', '현대바이오']"
449,20180918,"['대호피앤씨', '아이큐어', '올릭스', '이스트소프트', '하이로닉', '한국유니온제약']"
450,20180919,"['대성미생물', '에스티큐브', '이녹스', '해성옵틱스']"
451,20180920,"['경창산업', '녹십자엠에스', '스타모빌리티']"
452,20180921,['셀바스헬스케어']
453,20180927,['바른전자']
454,20180928,['미래생명자원']
455,20181002,"['스타모빌리티', '앤디포스']"
456,20181004,['와이오엠']
457,20181008,"['OQP', '에스제이케이']"
458,20181010,"['데일리블록체인', '스타모빌리티']"
459,20181011,"['버추얼텍', '서전기전', '아이엠텍']"
460,20181012,['파인디앤씨']
461,20181015,"['이엠앤아이', '케이엠제약']"
462,20181017,"['바른손', '에이치엘사이언스', '현대사료']"
463,20181022,['데일리블록체인']
464,20181025,"['글로본', '유티아이']"
465,20181026,"['GV', '유라테크', '유아이디']"
466,20181030,['바이오로그디바이스']
467,20181031,"['디오스텍', '레드로버', '캐스텍코리아']"
468,20181101,"['러셀', '블러썸엠앤씨', '상신전자', '서연탑메탈', '코리아에프티', '코썬바이오', '테라셈']"
469,20181102,"['뉴보텍', '서진오토모티브', '에코플라스틱', '웰크론한텍']"
470,20181105,['에이치엔티']
471,20181106,"['글로벌에스엠', '삼본전자', '쎄미시스코', '제너셈']"
472,20181107,['럭슬']
473,20181108,"['KD', '노바텍', '뉴프렉스', '큐에스아이', '핸디소프트']"
474,20181109,['대보마그네틱']
475,20181115,['영신금속']
476,20181116,"['오파스넷', '일야', '지엔코']"
477,20181119,"['액션스퀘어', '제로투세븐', '코오롱생명과학']"
478,20181120,"['비에이치아이', '알에프세미', '앤디포스']"
479,20181121,['바이오로그디바이스']
480,20181122,"['THE MIDONG', '코리아에스이']"
481,20181123,['비에이치아이']
482,20181126,"['앤씨앤', '에코플라스틱', '유신']"
483,20181127,['바이오빌']
484,20181128,"['광진윈텍', '기산텔레콤', '세종텔레콤']"
485,20181130,['아이크래프트']
486,20181204,"['데이타솔루션', '디알젬', '서암기계공업']"
487,20181205,"['에이비프로바이오', '일야']"
488,20181206,['디알젬']
489,20181207,['재영솔루텍']
490,20181210,"['남화산업', '대유에이피', '풍국주정']"
491,20181212,"['에이텍', '유니크']"
492,20181213,"['씨앤지하이테크', '알파홀딩스', '코센']"
493,20181214,['에스제이케이']
494,20181217,"['이랜텍', '흥국']"
495,20181218,"['YBM넷', '에스퓨얼셀', '풍국주정']"
496,20181219,['우리산업홀딩스']
497,20181220,"['에이비엘바이오', '엠게임', '풍강']"
498,20181221,"['머큐리', '승일', '아이엠텍', '포비스티앤씨']"
499,20181226,"['셀루메드', '이랜텍']"
500,20181227,['포비스티앤씨']
501,20181228,"['EDGC', '디케이티', '루멘스']"
502,20190102,"['아이엠텍', '에스씨디', '에프엔에스테크']"
503,20190103,"['넥슨지티', '넷게임즈', '이노인스트루먼트', '좋은사람들']"
504,20190104,"['YBM넷', '풍강']"
505,20190107,"['넥슨지티', '시그네틱스', '유니트론텍']"
506,20190108,"['우원개발', '파워넷']"
507,20190109,"['뉴프라이드', '서전기전', '토박스코리아', '한국테크놀로지']"
508,20190110,"['옵티팜', '키네마스터', '토박스코리아']"
509,20190111,['효성오앤비']
510,20190114,['토박스코리아']
511,20190115,['유신']
512,20190116,"['대명소노시즌', '비츠로시스', '서암기계공업', '아세아텍', '오로라', '유신', '티비씨']"
513,20190117,"['세동', '영우디에스피', '유니크', '제이엔케이히터', '톱텍']"
514,20190118,"['넷게임즈', '미코', '성창오토텍', '세원']"
515,20190121,"['EG', '솔고바이오', '아진산업']"
516,20190122,"['승일', '케이엠제약']"
517,20190124,['아시아종묘']
518,20190125,['액션스퀘어']
519,20190128,['우수AMS']
520,20190129,"['국일신동', '제일바이오', '코썬바이오']"
521,20190130,"['고려시멘트', '보광산업']"
522,20190208,['판타지오']
523,20190211,"['YBM넷', '플랜티넷']"
524,20190212,['아세아텍']
525,20190213,"['테스', '풍강']"
526,20190214,"['에스씨디', '엠아이텍', '포티스']"
527,20190215,"['골드퍼시픽', '엠아이텍']"
528,20190218,['골드퍼시픽']
529,20190219,['팬스타엔터프라이즈']
530,20190220,"['영우디에스피', '코닉글로리', '파인텍']"
531,20190221,"['라온시큐어', '케이사인', '휴네시온']"
532,20190222,['크리스탈신소재']
533,20190225,"['동아화성', '윙입푸드', '이에스에이']"
534,20190226,['코디엠']
535,20190227,"['동일기연', '디에스티', '비에이치아이']"
536,20190228,['삼보산업']
537,20190306,"['누리플랜', '유테크', '하츠']"
538,20190308,['아이엠텍']
539,20190311,['아이엠텍']
540,20190312,"['슈펙스비앤피', '에스제이케이', '에이비엘바이오', '우리기술']"
541,20190313,['슈펙스비앤피']
542,20190314,"['디케이락', '셀리버리', '피씨엘']"
543,20190315,['인트로메딕']
544,20190318,"['드래곤플라이', '미래에셋벤처투자', '인트로메딕']"
545,20190319,['에스앤더블류']
546,20190320,['현대바이오']
547,20190321,['엔에스']
548,20190322,"['스타모빌리티', '하츠']"
549,20190325,['로보로보']
550,20190326,"['이디티', '파세코']"
551,20190327,"['나이벡', '디젠스', '스타모빌리티', '코너스톤네트웍스']"
552,20190328,"['씨케이에이치', '코너스톤네트웍스']"
553,20190329,"['코너스톤네트웍스', '팬스타엔터프라이즈']"
554,20190401,"['데일리블록체인', '디젠스', '코너스톤네트웍스']"
555,20190402,"['THE MIDONG', '제너셈', '테라셈']"
556,20190403,['칩스앤미디어']
557,20190404,"['메디포럼제약', '현대바이오']"
558,20190405,"['판타지오', '현대공업', '현대바이오']"
559,20190408,['인트로메딕']
560,20190409,['전파기지국']
561,20190410,"['광진윈텍', '내츄럴엔도텍']"
562,20190411,['아이엠텍']
563,20190412,"['모바일리더', '스킨앤스킨']"
564,20190415,"['큐캐피탈', '키이스트']"
565,20190416,['덱스터']
566,20190417,['SM Life Design']
567,20190418,['이글벳']
568,20190422,['동일철강']
569,20190423,['흥구석유']
570,20190424,['국일제지']
571,20190426,['동일철강']
572,20190430,"['국일제지', '현대바이오']"
573,20190502,"['국일제지', '모바일리더', '케이엠제약', '크리스탈신소재']"
574,20190503,['흥구석유']
575,20190507,['아이에이']
576,20190508,"['국일제지', '엑사이엔씨', '한화에스비아이스팩']"
577,20190509,"['GH신소재', '오리엔트정공', '한화에스비아이스팩']"
578,20190510,"['대유에이피', '상보', '엘엠에스', '오리엔탈정공', '한화에스비아이스팩', '휘닉스소재']"
579,20190513,"['SCI평가정보', '넥슨지티', '아이즈비전', '파워넷', '한화에스비아이스팩']"
580,20190514,['티앤알바이오팹']
581,20190515,"['덕산하이메탈', '에프알텍', '엘비세미콘', '오이솔루션', '클래시스']"
582,20190516,['예스24']
583,20190520,"['YBM넷', '씨케이에이치', '에이루트']"
584,20190521,"['파이오링크', '한화에스비아이스팩']"
585,20190522,"['광림', '디알텍', '상보', '에이치케이']"
586,20190524,"['로보로보', '싸이토젠', '줌인터넷']"
587,20190527,"['로스웰', '바른손', '바른손이앤에이', '컴퍼니케이', '파세코']"
588,20190528,['세화피앤씨']
589,20190529,"['노바텍', '에스제이케이']"
590,20190531,['이글벳']
591,20190603,"['DB금융스팩7호', '노바텍', '유진스팩4호', '지니틱스']"
592,20190604,"['고려시멘트', '진바이오텍', '코미팜']"
593,20190605,['에이치엔티']
594,20190607,"['에프알텍', '줌인터넷']"
595,20190610,['매직마이크로']
596,20190611,"['오픈베이스', '줌인터넷']"
597,20190613,"['UCI', '디알텍', '줌인터넷', '휴네시온']"
598,20190614,"['UCI', '이스트소프트', '줌인터넷', '포인트엔지니어링']"
599,20190617,"['UCI', '부방', '알로이스', '풍국주정', '한류타임즈']"
600,20190618,"['UCI', '케이에스피', '한류타임즈']"
601,20190619,"['UCI', '링크제니시스', '플랜티넷']"
602,20190620,"['TPC', '대창솔루션', '로보로보', '신한제5호스팩', '이트론']"
603,20190621,"['바른테크놀로지', '셀바스헬스케어', '신한제5호스팩']"
604,20190625,"['대창솔루션', '비덴트', '셀바스헬스케어', '팍스넷']"
605,20190626,"['대성엘텍', '지란지교시큐리티', '팍스넷', '현대바이오']"
606,20190627,['삼보산업']
607,20190628,"['유테크', '파세코', '플레이위드']"
608,20190701,"['메지온', '오리엔탈정공', '플레이위드']"
609,20190702,"['램테크놀러지', '비엠티', '이더블유케이', '플레이위드']"
610,20190703,"['KPX생명과학', '마이크로컨텍솔', '마이크로프랜드', '켐트로스', '플레이위드']"
611,20190704,"['KMH하이텍', '타이거일렉', '테라셈', '파인디앤씨', '플레이위드']"
612,20190705,"['드래곤플라이', '줌인터넷', '코오롱생명과학', '테라셈']"
613,20190708,"['OQP', '켐트로스', '플레이위드']"
614,20190709,"['OQP', '디이엔티', '서암기계공업']"
615,20190710,"['OQP', '동국알앤에스', '룽투코리아', '미스터블루', '휴네시온']"
616,20190711,"['데이타솔루션', '유티아이', '조이시티']"
617,20190712,"['미스터블루', '휴네시온']"
618,20190715,['셀리버리']
619,20190716,['유테크']
620,20190717,"['GV', '켐온', '크리스탈신소재', '퓨전']"
621,20190718,"['아진산업', '와이오엠']"
622,20190719,"['컴퍼니케이', '플리토', '한화에스비아이스팩']"
623,20190722,"['삼륭물산', '이베스트이안스팩1호', '한화에스비아이스팩']"
624,20190723,"['국일제지', '이트론', '인포마크']"
625,20190724,['이트론']
626,20190725,"['엠아이텍', '케이피엠테크']"
627,20190726,"['럭슬', '명성티엔에스']"
628,20190729,"['램테크놀러지', '럭슬', '이더블유케이']"
629,20190730,"['바른손', '양지사', '켐트로스', '한일화학']"
630,20190731,"['KTH', '대모', '드림시큐리티', '미스터블루', '보라티알']"
631,20190802,"['UCI', '일지테크']"
632,20190806,['아가방컴퍼니']
633,20190807,"['서연탑메탈', '엑사이엔씨', '이더블유케이', '주성엔지니어링', '중앙오션', '케이피에프']"
634,20190808,['솔트웍스']
635,20190809,"['고려시멘트', '미스터블루', '엔지스테크널러지', '펌텍코리아']"
636,20190812,"['솔고바이오', '한일화학']"
637,20190813,"['매직마이크로', '아이에이네트웍스', '젬백스링크', '한화에스비아이스팩']"
638,20190816,"['아이에이네트웍스', '퓨전']"
639,20190819,"['OQP', '비엠티']"
640,20190820,"['모비스', '씨앤지하이테크', '안국약품', '에이디칩스']"
641,20190821,['셀루메드']
642,20190822,"['시노펙스', '코오롱생명과학', '테고사이언스']"
643,20190827,"['썸에이지', '옴니텔']"
644,20190828,"['삼륭물산', '알테오젠', '인트론바이오']"
645,20190829,['오성첨단소재']
646,20190830,"['윙입푸드', '제이씨케미칼']"
647,20190902,"['메가엠디', '영화테크']"
648,20190903,"['S&K폴리텍', '바이온', '케이피엠테크']"
649,20190904,"['머큐리', '아이디스', '율호']"
650,20190906,['디케이티']
651,20190909,"['뉴인텍', '바이온', '투비소프트', '한창산업']"
652,20190910,"['에코마이스터', '유신']"
653,20190911,['엑시콘']
654,20190916,"['에코바이오', '중앙에너비스', '현대사료', '흥구석유']"
655,20190917,"['대성미생물', '마니커에프앤지', '신라에스지', '액션스퀘어', '우진비앤지', '이글벳', '정다운', '제일바이오', '진바이오텍', '하림', '흥구석유']"
656,20190918,"['신라에스지', '아이엠텍', '이글벳']"
657,20190920,['신라에스지']
658,20190923,"['OQP', '네오오토', '제이씨케미칼']"
659,20190924,"['대성엘텍', '진바이오텍', '코리아에프티']"
660,20190925,"['마니커에프앤지', '팜스토리']"
661,20190927,"['마니커에프앤지', '알리코제약']"
662,20190930,"['뉴프라이드', '에이치엘비', '에이치엘비생명과학', '에이치엘비파워']"
663,20191001,"['신라젠', '오성첨단소재', '지엘팜텍']"
664,20191004,"['램테크놀러지', '블러썸엠앤씨', '코썬바이오']"
665,20191007,"['신라젠', '싸이토젠', '헬릭스미스']"
666,20191008,['올리패스']
667,20191010,"['로고스바이오', '미래SCI', '이노테라피', '이원컴포텍', '코오롱생명과학', '티앤알바이오팹']"
668,20191011,"['녹십자엠에스', '에스디생명공학', '코썬바이오']"
669,20191014,['코오롱생명과학']
670,20191015,"['SM C&C', 'SM Life Design', '대성엘텍', '디에이테크놀로지', '에스퓨얼셀']"
671,20191016,"['네스엠', '베셀', '이에스에이', '테라셈']"
672,20191017,"['국일제지', '네스엠', '메디포럼제약', '선데이토즈']"
673,20191018,"['네스엠', '아이엠텍']"
674,20191021,"['네스엠', '스타플렉스', '에이치엘비', '에이치엘비생명과학', '에이치엘비파워']"
675,20191022,"['스타플렉스', '싸이토젠', '에이치엘비파워', '토박스코리아', '퓨전']"
676,20191023,"['나이벡', '네이처셀', '신라젠', '에이치엘비생명과학', '에이치엘비파워', '엔에스엔']"
677,20191024,"['내츄럴엔도텍', '씨유메디칼']"
678,20191025,"['KPX생명과학', '내츄럴엔도텍', '녹십자엠에스', '옵티시스', '우리넷']"
679,20191028,"['삼륭물산', '아스타']"
680,20191029,"['KPX생명과학', '버킷스튜디오', '아스타', '큐캐피탈']"
681,20191030,['제일바이오']
682,20191031,['MP한강']
683,20191101,"['SCI평가정보', '셀리버리', '진바이오텍']"
684,20191104,"['SDN', 'W홀딩컴퍼니', '비덴트', '아이오케이', '우원개발']"
685,20191105,"['고려제약', '셀리버리', '아이큐어', '에스텍파마']"
686,20191106,"['W홀딩컴퍼니', '케이피엠테크', '한류AI센터']"
687,20191107,"['네오크레마', '에스씨디']"
688,20191108,"['MP한강', '큐브엔터', '한류AI센터']"
689,20191111,"['SM Life Design', '남화산업', '큐브엔터', '한류AI센터']"
690,20191112,"['데일리블록체인', '미래SCI', '엔시트론', '유니슨', '한류AI센터']"
691,20191113,"['CMG제약', '경남제약헬스케어', '미래SCI', '스카이문스테크놀로지', '아이티엠반도체', '파이오링크', '퓨전', '한류AI센터']"
692,20191114,"['데일리블록체인', '스카이문스테크놀로지', '코이즈', '한프']"
693,20191115,"['제테마', '중앙오션']"
694,20191118,"['루미마이크로', '아이큐어', '우정바이오', '큐로컴', '큐로홀딩스']"
695,20191119,"['SDN', '국일제지', '루미마이크로', '파버나인']"
696,20191120,['네오크레마']
697,20191121,"['데일리블록체인', '미래SCI', '코리아에셋투자증권', '한류AI센터']"
698,20191122,"['SK바이오랜드', '스카이문스테크놀로지']"
699,20191125,"['SK바이오랜드', '옴니시스템', '티움바이오']"
700,20191126,"['로고스바이오', '케이엠제약']"
701,20191127,"['세원', '알톤스포츠']"
702,20191128,"['우리기술', '토박스코리아', '한국맥널티']"
703,20191129,['KPX생명과학']
704,20191202,"['알테오젠', '핸디소프트']"
705,20191203,"['럭슬', '메이슨캐피탈', '핸디소프트']"
706,20191204,['럭슬']
707,20191205,"['디에스티', '젬백스지오']"
708,20191206,"['네스엠', '수젠텍', '젬백스', '젬백스지오']"
709,20191209,"['데이타솔루션', '젬백스지오', '진매트릭스']"
710,20191210,"['에이프로젠 H&G', '지엘팜텍']"
711,20191211,"['럭슬', '에스디시스템', '에스텍파마', '에이프로젠 H&G']"
712,20191213,['제낙스']
713,20191216,"['제낙스', '팍스넷']"
714,20191217,['큐로홀딩스']
715,20191218,['한류AI센터']
716,20191219,"['셀바스헬스케어', '에스맥', '중앙에너비스']"
717,20191220,"['국영지앤엠', '제낙스']"
718,20191223,"['에스모 머티리얼즈', '유아이디']"
719,20191224,"['에스모 머티리얼즈', '이노와이즈']"
720,20191226,"['경남제약', '이노와이즈', '이트론']"
721,20191227,"['THE MIDONG', '이원컴포텍']"
722,20191230,"['스타모빌리티', '이노와이즈']"
723,20200102,"['다믈멀티미디어', '중앙에너비스', '피피아이']"
724,20200103,"['디엠티', '스카이문스테크놀로지', '흥구석유']"
725,20200106,"['스카이문스테크놀로지', '흥구석유']"
726,20200107,"['신라젠', '에스에스알']"
727,20200108,"['빅텍', '소리바다', '스페코', '한국정보통신']"
728,20200109,['삼륭물산']
729,20200110,"['SK바이오랜드', '현진소재']"
730,20200114,"['덕신하우징', '삼보산업', '지에스이']"
731,20200115,"['아이즈비전', '큐로홀딩스', '한화에스비아이스팩']"
732,20200116,['슈펙스비앤피']
733,20200117,['제낙스']
734,20200120,"['고려제약', '오공', '제낙스', '진매트릭스']"
735,20200121,"['나이벡', '케이엠제약']"
736,20200122,"['서린바이오', '현대공업']"
737,20200123,"['바디텍메드', '삼보산업', '진양제약']"
738,20200128,"['녹십자엠에스', '메디앙스', '멕아이씨에스', '바디텍메드', '수젠텍', '승일', '오공', '웰크론', '케이엠', '케이엠제약', '파루', '피씨엘']"
739,20200129,"['제낙스', '한화에스비아이스팩']"
740,20200130,"['리더스 기술투자', '우리산업홀딩스', '코디엠', '한송네오텍']"
741,20200131,"['맥스로텍', '모베이스전자', '아이크래프트', '하이즈항공']"
742,20200203,"['마니커에프앤지', '신라에스지']"
743,20200204,['유에스티']
744,20200206,"['에이프로젠 H&G', '현대공업']"
745,20200207,"['네이처셀', '메탈라이프']"
746,20200210,"['디젠스', '바른손', '신라에스지', '아세아텍']"
747,20200211,"['로스웰', '바른손', '이노인스트루먼트', '코썬바이오']"
748,20200212,"['바른손', '바른손이앤에이', '이노인스트루먼트', '케이피에스', '태웅로직스']"
749,20200213,"['바른손', '바른손이앤에이', '블러썸엠앤씨', '지엔코', '컴퍼니케이', '큐캐피탈']"
750,20200214,"['기산텔레콤', '에이아이비트', '영화테크']"
751,20200217,"['대성엘텍', '손오공', '에이아이비트', '초록뱀']"
752,20200218,"['에너토크', '인성정보']"
753,20200219,"['디케이디앤아이', '오공', '웰크론', '자연과환경', '케이엠', '퓨전']"
754,20200220,"['네스엠', '랩지노믹스', '창해에탄올', '한국알콜']"
755,20200221,"['NE능률', 'YBM넷', '메가엠디', '아이스크림에듀', '이노와이즈', '한국알콜']"
756,20200224,"['GH신소재', '비씨월드제약', '엘컴텍']"
757,20200225,"['손오공', '투비소프트', '한류AI센터']"
758,20200226,['제낙스']
759,20200227,"['YBM넷', '코미팜', '프로스테믹스', '피씨엘']"
760,20200228,['SV인베스트먼트']
761,20200302,"['NE능률', '서울제약', '카이노스메드', '큐캐피탈']"
762,20200303,"['센트럴바이오', '에스티큐브', '에이아이비트']"
763,20200304,"['모바일어플라이언스', '에이비프로바이오', '이노인스트루먼트', '케이프']"
764,20200305,"['대성엘텍', '로고스바이오', '프로스테믹스']"
765,20200306,"['수젠텍', '씨젠']"
766,20200309,"['EDGC', '랩지노믹스', '레몬', '수젠텍', '씨젠', '오상자이엘']"
767,20200310,"['경남제약헬스케어', '모트렉스', '이노인스트루먼트', '진매트릭스']"
768,20200311,"['경남제약헬스케어', '마크로젠', '이씨에스', '한프', '휴마시스']"
769,20200312,"['이씨에스', '인트로메딕', '한프', '휴마시스']"
770,20200313,['녹십자셀']
771,20200316,"['글로스퍼랩스', '바이오니아', '수젠텍', '신신제약']"
772,20200317,"['랩지노믹스', '안트로젠', '엔지켐생명과학', '테라젠이텍스', '피씨엘', '한국테크놀로지', '한프']"
773,20200318,"['네오펙트', '멕아이씨에스', '스타모빌리티', '오상자이엘', '좋은사람들', '컴퍼니케이']"
774,20200319,"['SV인베스트먼트', '멕아이씨에스', '이테크건설']"
775,20200320,"['강스템바이오텍', '골드퍼시픽', '나인테크', '덕산하이메탈', '레이크머티리얼즈', '뷰웍스', '비덴트', '슈펙스비앤피', '아미코젠', '아이씨케이', '웹젠', '이원컴포텍', '이테크건설', '제노레이', '제노포커스', '제테마', '코미코', '포인트엔지니어링', '화일약품']"
776,20200323,"['강원', '셀트리온제약', '와이오엠', '크리스탈', '필로시스헬스케어', '화일약품']"
777,20200324,"['동양파일', '레이크머티리얼즈', '리메드', '모베이스전자', '미스터블루', '비츠로셀', '셀리버리', '셀트리온제약', '아나패스', '에이스테크', '와이오엠', '진양제약', '크리스탈']"
778,20200325,"['EDGC', 'JTC', 'YBM넷', '동양파일', '멕아이씨에스', '블러썸엠앤씨', '비디아이', '서전기전', '세운메디칼', '수젠텍', '씨유메디칼', '씨젠', '엔브이에이치코리아', '와이오엠', '윈하이텍', '이노와이즈', '제낙스', '코센', '코스나인', '코아시아', '크루셜텍', '현진소재', '휴림로봇']"
779,20200326,"['EDGC', 'SV인베스트먼트', '디에스티', '마크로젠', '멕아이씨에스', '세미콘라이트', '세보엠이씨', '수젠텍', '신라젠', '씨유메디칼', '씨젠', '에스모 머티리얼즈', '엔시트론', '우노앤컴퍼니', '이노와이즈', '제낙스', '제넨바이오', '제닉', '지엘팜텍', '코센', '코아시아', '크루셜텍', '퓨전', '피씨엘', '현진소재', '휴마시스']"
780,20200327,"['EDGC', '녹십자웰빙', '마이크로디지탈', '미코', '서남', '세미콘라이트', '수성', '에스모 머티리얼즈', '에이프로젠 H&G', '케이엠', '코센', '퓨전', '현진소재', '휴마시스']"
781,20200330,"['EDGC', 'NE능률', '경남바이오파마', '경남제약', '국영지앤엠', '까스텔바작', '녹십자랩셀', '링네트', '메가스터디', '메가엠디', '메디아나', '멕아이씨에스', '비씨월드제약', '신테카바이오', '씨유메디칼', '아이스크림에듀', '아이쓰리시스템', '알서포트', '에이스토리', '올릭스', '우리이앤엘', '인성정보', '지노믹트리', '진매트릭스', '진양제약', '텔콘RF제약', '티케이케미칼', '포비스티앤씨', '한일진공', '화일약품']"
782,20200331,"['KG ETS', '갤럭시아컴즈', '바디텍메드', '바이오니아', '셀트리온헬스케어', '손오공', '시노펙스', '아난티', '아시아종묘', '알서포트', '앱클론', '에스맥', '에코마이스터', '지티지웰니스', '텔콘RF제약', '푸른기술', '한일진공', '현대사료', '효성오앤비']"
783,20200401,"['넥스트BT', '멕아이씨에스', '바른손', '바른손이앤에이', '알리코제약', '애니플러스', '토박스코리아', '플레이디', '플레이위드', '필로시스헬스케어', '한국테크놀로지']"
784,20200402,"['나노엔텍', '나무가', '레몬', '미래컴퍼니', '서울바이오시스', '슈펙스비앤피', '육일씨엔에쓰', '인터파크', '중앙에너비스', '톱텍', '피제이전자', '흥구석유']"
785,20200403,"['서울바이오시스', '에너토크', '케이엠제약', '크루셜텍', '태웅']"
786,20200406,"['뉴프렉스', '대성미생물', '대한뉴팜', '멕아이씨에스', '스타플렉스', '씨유메디칼', '씨티씨바이오', '알리코제약', '이글벳', '전진바이오팜', '제일바이오', '진바이오텍', '크루셜텍', '파버나인', '휴마시스', '흥구석유']"
787,20200407,"['녹십자랩셀', '레몬', '서진오토모티브', '알파홀딩스', '에스맥', '와이오엠', '이노와이즈', '케이씨티', '한국유니온제약']"
788,20200408,"['비트컴퓨터', '서울리거', '세미콘라이트', '에스코넥', '오가닉티코스메틱', '일신바이오']"
789,20200409,"['나노스', '나우IB', '동방선기', '디엔에이링크', '서울리거', '엘엠에스']"
790,20200410,"['경남제약헬스케어', '나우IB', '초록뱀', '코센', '테라젠이텍스']"
791,20200413,"['코센', '코오롱생명과학']"
792,20200414,"['아이크래프트', '코오롱생명과학', '판타지오']"
793,20200416,"['가비아', '뉴보텍', '대모', '아난티', '코오롱생명과학', '피씨엘']"
794,20200417,"['넥스트아이', '매직마이크로', '메이슨캐피탈', '에코바이오']"
795,20200420,"['EDGC', '수젠텍', '에코마이스터', '오상자이엘', '육일씨엔에쓰']"
796,20200422,"['고려시멘트', '삼표시멘트', '이화공영', '특수건설']"
797,20200423,"['데이타솔루션', '싸이토젠', '제이웨이']"
798,20200424,"['린드먼아시아', '에이프로젠 H&G']"
799,20200427,"['KNN', '넥슨지티', '린드먼아시아', '에이프로젠 H&G', '한류AI센터']"
800,20200428,"['육일씨엔에쓰', '한류AI센터']"
801,20200429,"['알로이스', '엔시트론']"
802,20200504,"['KMH하이텍', '자안']"
803,20200506,"['마니커에프앤지', '메이슨캐피탈', '옵티팜']"
804,20200507,"['다우데이타', '스킨앤스킨', '싸이맥스', '코이즈', '해성산업']"
805,20200508,"['쎄미시스코', '에스모 머티리얼즈', '유비케어']"
806,20200511,"['YBM넷', '소프트캠프', '쎄미시스코', '진매트릭스']"
807,20200512,"['넥스트BT', '플레이디']"
808,20200513,"['녹십자웰빙', '동화기업', '삼진엘앤디']"
809,20200514,['씨젠']
810,20200515,['조아제약']
811,20200518,"['SK바이오랜드', '한국전자인증', '한국정보인증', '한국정보통신']"
812,20200519,"['삼진엘앤디', '에이비프로바이오', '케이씨에스', '케이씨티', '파워넷', '플레이디', '피델릭스']"
813,20200520,"['블러썸엠앤씨', '안트로젠', '에스피시스템스', '컴퍼니케이']"
814,20200521,"['글로벌에스엠', '동국S&C', '로보로보', '비디아이']"
815,20200522,"['블러썸엠앤씨', '에스모 머티리얼즈']"
816,20200525,"['메이슨캐피탈', '시큐브', '아이크래프트', '크루셜텍']"
817,20200526,"['고려제약', '서울바이오시스', '코데즈컴바인']"
818,20200527,"['노바텍', '라파스', '유니슨', '인포마크', '지니뮤직', '티플랙스']"
819,20200528,['피앤씨테크']
820,20200529,['KNN']
821,20200601,"['레고켐바이오', '삼천리자전거', '천랩']"
822,20200602,"['SNK', '미스터블루', '오리엔탈정공', '차바이오텍', '케이에스피']"
823,20200603,"['대창솔루션', '오스테오닉']"
824,20200604,"['네온테크', '이녹스', '제이씨현시스템', '피씨디렉트']"
825,20200605,['이지홀딩스']
826,20200608,"['멕아이씨에스', '이지바이오', '이지홀딩스', '케이피엠테크', '테고사이언스']"
827,20200609,"['아미노로직스', '오스테오닉', '이지바이오', '젬백스링크', '팅크웨어']"
828,20200610,"['나우IB', '레고켐바이오', '아이엘사이언스', '에이비엘바이오', '이지바이오', '지엘팜텍', '힘스']"
829,20200611,"['에스퓨얼셀', '와이엠티', '이지바이오', '프로텍', '피에스엠씨']"
830,20200612,['프로텍']
831,20200615,"['MP한강', '빅텍', '스페코', '알에프텍', '이라이콤']"
832,20200616,"['케이피엠테크', '코센', '텔콘RF제약', '휴마시스']"
833,20200617,"['경동제약', '빅텍', '스페코', '신일제약', '한일단조', '휴마시스']"
834,20200618,"['빅텍', '스페코', '신라섬유', '신일제약', '옵티팜', '한일단조', '휴마시스']"
835,20200619,"['이디티', '천랩', '코데즈컴바인', '휴마시스']"
836,20200622,"['미래나노텍', '이지바이오', '이지홀딩스', '코다코', '하나금융13호스팩', '휴마시스']"
837,20200623,"['TPC', 'iMBC', '아이엘사이언스', '아이큐어', '에스퓨얼셀', '엘이티']"
838,20200624,"['대아티아이', '대정화금', '랩지노믹스', '바이오톡스텍', '신일제약', '아이큐어', '알에프세미', '진매트릭스', '휴마시스']"
839,20200625,"['나노엔텍', '네오펙트']"
840,20200626,"['동국S&C', '씨에스베어링']"
841,20200629,"['SCI평가정보', '세종메디칼', '크리스탈신소재', '한국정보공학']"
842,20200630,"['리더스코스메틱', '메지온', '코리아나']"
843,20200701,['오디텍']
844,20200702,"['SBI인베스트먼트', '대성미생물', '제일테크노스']"
845,20200703,"['SM Life Design', '예스24']"
846,20200706,"['알에프세미', '알티캐스트', '영화테크']"
847,20200707,"['SCI평가정보', '글로스퍼랩스', '메디톡스', '케이피엠테크']"
848,20200708,"['나노신소재', '동신건설', '시너지이노베이션', '에이텍', '에이텍티앤', '오리엔트정공']"
849,20200709,"['데이타솔루션', '알서포트', '오리엔트정공']"
850,20200710,['EDGC']
851,20200713,['시노펙스']
852,20200714,"['비디아이', '소마젠', '에이텍', '피씨디렉트', '필로시스헬스케어']"
853,20200715,"['디케이티', '바른손', '비에이치', '에이비프로바이오', '위세아이텍']"
854,20200716,['동아화성']
855,20200717,"['웰크론한텍', '유라테크', '카스', '형지I&C']"
856,20200720,"['뉴보텍', '동신건설', '신일제약', '웰크론한텍', '웹스', '토탈소프트', '형지I&C']"
857,20200721,"['메디프론', '신일제약', '태웅', '화일약품']"
858,20200722,"['신일제약', '오상자이엘', '유바이오로직스', '일신바이오']"
859,20200723,"['경동제약', '랩지노믹스', '신신제약', '신일제약']"
860,20200724,"['아미노로직스', '코아스템']"
861,20200727,"['바텍', '엑세스바이오', '엔지켐생명과학', '엘티씨']"
862,20200728,['휴맥스']
863,20200729,"['비츠로테크', '이랜텍', '제놀루션', '한빛소프트']"
864,20200730,"['보광산업', '수젠텍', '심텍', '심텍홀딩스']"
865,20200731,"['대정화금', '바이오스마트', '엑세스바이오']"
866,20200803,"['레드캡투어', '바이오스마트', '엑세스바이오', '유바이오로직스', '제놀루션', '휴마시스']"
867,20200804,"['넥스트아이', '로고스바이오', '엘앤케이바이오', '카이노스메드', '켐온']"
868,20200805,['디에이테크놀로지']
869,20200806,['전진바이오팜']
870,20200807,"['OQP', '서연탑메탈', '수산아이앤티', '에이스테크', '오리엔트정공']"
871,20200810,"['녹원씨엔아이', '엑세스바이오', '케이피티유', '한국비엔씨']"
872,20200811,"['유에스티', '이화공영', '일신바이오', '케이피티유', '코디엠', '한국바이오젠']"
873,20200812,"['노랑풍선', '동국알앤에스', '에코캡', '엔에스', '오리엔탈정공', '원풍물산', '일신바이오', '케이피티유']"
874,20200813,"['상보', '스페코', '알티캐스트', '에이치엘비', '에이치엘비생명과학', '에이치엘비파워', '에이텍티앤', '유니온커뮤니티', '휴맥스', '휴맥스홀딩스']"
875,20200814,"['바른테크놀로지', '엑세스바이오']"
876,20200818,"['YBM넷', '메디톡스', '바이오니아', '보라티알', '소프트캠프', '엑세스바이오', '우리바이오', '웰크론', '유바이오로직스', '필로시스헬스케어']"
877,20200819,"['KPX생명과학', '경창산업', '디엔에이링크', '스페코', '시스웍', '에이티세미콘', '엑세스바이오', '엔에스', '우리바이오', '유테크', '필로시스헬스케어']"
878,20200820,"['GH신소재', '글로스퍼랩스', '데일리블록체인', '로고스바이오', '시스웍', '신일제약', '에스와이', '우리바이오', '젠큐릭스', '케이엠제약', '피제이전자', '필로시스헬스케어']"
879,20200821,"['시스웍', '씨유메디칼', '엑사이엔씨', '필로시스헬스케어']"
880,20200824,"['마이크로디지탈', '시스웍', '제넨바이오', '중앙오션', '켐온', '필로시스헬스케어']"
881,20200825,"['경남바이오파마', '대한과학', '바이넥스', '센트럴바이오', '시스웍', '우리바이오', '우리조명', '일신바이오', '중앙오션', '파멥신']"
882,20200826,"['GH신소재', '대정화금', '디지캡', '센트럴바이오', '에스맥', '우리바이오', '일신바이오', '제노포커스', '조아제약', '케이피엠테크', '텔콘RF제약', '파수', '필로시스헬스케어', '한일진공']"
883,20200827,"['링네트', '바디텍메드', '시스웍', '알서포트', '엘엠에스', '제노포커스', '카스']"
884,20200828,"['삼륭물산', '이스트아시아홀딩스', '제노포커스', '크루셜텍', '태웅로직스', '한국팩키지']"
885,20200831,"['녹십자엠에스', '메디포럼제약', '세동', '시너지이노베이션', '정원엔시스', '휘닉스소재']"
886,20200901,"['녹십자엠에스', '메디포럼제약', '세동', '앤디포스', '크루셜텍', '프로텍']"
887,20200902,"['기가레인', '시스웍', '엘엠에스']"
888,20200903,"['디엔에이링크', '서울제약', '신테카바이오', '진양제약', '필로시스헬스케어', '한국유니온제약']"
889,20200904,"['KT서브마린', '모아텍', '신테카바이오', '유니슨']"
890,20200907,"['녹십자웰빙', '메디포럼제약', '모아텍', '수젠텍', '예스24', '우리기술', '유니테스트', '필로시스헬스케어']"
891,20200908,"['모다이노칩', '썸에이지', '앤디포스', '초록뱀', '포스코 ICT', '한국유니온제약']"
892,20200909,"['SDN', '국영지앤엠', '디케이디앤아이', '미래컴퍼니', '서울리거', '오스템']"
